{"user_id":"U07ttwwa0ea555a30abty5u6u68dv7ww3","tag_id":"52","tag_name":"\u6e2c\u8a66\u6a19\u7c64","created_at":"0"}
{"user_id":"U17ttwwa0ea555a30abty5u6u68dv7ww3","tag_id":"52","tag_name":"\u6e2c\u8a66\u6a19\u7c64","created_at":"165580088"}
{"user_id":"U27ttwwa0ea555a30abty5u6u68dv7ww3","tag_id":"273","tag_name":"\u6e2c\u8a66\u6a19\u7c64","created_at":"0"}
{"user_id":"U37ttwwa0ea555a30abty5u6u68dv7ww3","tag_id":"52","tag_name":"\u6e2c\u8a66\u6a19\u7c64","created_at":"165587941"}
{"user_id":"U47ttwwa0ea555a30abty5u6u68dv7ww3","tag_id":"174","tag_name":"\u6e2c\u8a66\u6a19\u7c64","created_at":"165580999"}
{"user_id":"U57ttwwa0ea555a30abty5u6u68dv7ww3","tag_id":"273","tag_name":"\u6e2c\u8a66\u6a19\u7c64","created_at":"165583000"}
{"user_id":"U67ttwwa0ea555a30abty5u6u68dv7ww3","tag_id":"174","tag_name":"\u6e2c\u8a66\u6a19\u7c64","created_at":"0"}
{"user_id":"U77ttwwa0ea555a30abty5u6u68dv7ww3","tag_id":"245","tag_name":"\u6e2c\u8a66\u6a19\u7c64","created_at":"0"}
{"user_id":"U87ttwwa0ea555a30abty5u6u68dv7ww3","tag_id":"245","tag_name":"\u6e2c\u8a66\u6a19\u7c64","created_at":"165580010"}
{"user_id":"U97ttwwa0ea555a30abty5u6u68dv7ww3","tag_id":"1","tag_name":"\u6e2c\u8a66\u6a19\u7c64","created_at":"0"}
{"user_id":"Ua8ttwwa0ea555a30abty5u6u68dv7ww3","tag_id":"778","tag_name":"\u6e2c\u8a66\u6a19\u7c64","created_at":"165580010"}
{"user_id":"Ub8ttwwa0ea555a30abty5u6u68dv7ww3","tag_id":"285","tag_name":"\u6e2c\u8a66\u6a19\u7c64","created_at":"165580010"}
{"user_id":"Uc8ttwwa0ea555a30abty5u6u68dv7ww3","tag_id":"285","tag_name":"\u6e2c\u8a66\u6a19\u7c64","created_at":"165580010"}
{"user_id":"Ud8ttwwa0ea555a30abty5u6u68dv7ww3","tag_id":"285","tag_name":"\u6e2c\u8a66\u6a19\u7c64","created_at":"165580010"}
{"user_id":"Ue8ttwwa0ea555a30abty5u6u68dv7ww3","tag_id":"285","tag_name":"\u6e2c\u8a66\u6a19\u7c64","created_at":"165580010"}
{"user_id":"Uf8ttwwa0ea555a30abty5u6u68dv7ww3","tag_id":"285","tag_name":"\u6e2c\u8a66\u6a19\u7c64","created_at":"165580010"}
